[
  {
    "title": "BetterOffAlone",
    "author": "AliceDeejay",
    "duration": 219,
    "disc-namespace": "betteroffalonealicedeejayone",
    "model-data": 3,
    "creeper-drop": true,
    "lores": [],
    "loot-tables": {},
    "fragment-loot-tables": {}
  },
  {
    "title": "CaliforniaGurls",
    "author": "Remix_EDITKINGS",
    "duration": 195,
    "disc-namespace": "californiagurlsremixeditkingsone",
    "model-data": 1,
    "creeper-drop": true,
    "lores": [],
    "loot-tables": {},
    "fragment-loot-tables": {}
  }
]