[
  {
    "title": "BetterOffAlone",
    "author": "AliceDeejay",
    "duration": 219,
    "disc-namespace": "betteroffalonealicedeejayone",
    "model-data": 2,
    "creeper-drop": true,
    "lores": [],
    "loot-tables": {},
    "fragment-loot-tables": {}
  },
  {
    "title": "CaliforniaGurls",
    "author": "Remix_EDITKINGS",
    "duration": 195,
    "disc-namespace": "californiagurlsremixeditkingsone",
    "model-data": 3,
    "creeper-drop": true,
    "lores": [],
    "loot-tables": {},
    "fragment-loot-tables": {}
  },
  {
    "title": "RythmofTheNight",
    "author": "Ryan T. & Rick M. Nightcore Edit",
    "duration": 199,
    "disc-namespace": "rythmofthenightryantrickmnightcoreeditone",
    "model-data": 1,
    "creeper-drop": true,
    "lores": [],
    "loot-tables": {},
    "fragment-loot-tables": {}
  },
  {
    "title": "Faded (8D Audio)_8D Tunes",
    "author": "Unknown artist",
    "duration": 106,
    "disc-namespace": "fadedeightdaudioeightdtunesunknownartist",
    "model-data": 4,
    "creeper-drop": true,
    "lores": [],
    "loot-tables": {},
    "fragment-loot-tables": {}
  },
  {
    "title": "Pussy Motherfuckerz",
    "author": "D - Fence Remix_Endymion",
    "duration": 141,
    "disc-namespace": "pussymotherfuckerzdfenceremixendymion",
    "model-data": 5,
    "creeper-drop": true,
    "lores": [],
    "loot-tables": {},
    "fragment-loot-tables": {}
  }
]