{
  "parent": "item/generated",
  "textures": {
    "layer0": "item/disc_fragment_5"
  },
  "overrides": [
    {
      "predicate": {
        "custom_model_data": 2
      },
      "model": "item/fragment_betteroffalonealicedeejayone"
    },
    {
      "predicate": {
        "custom_model_data": 3
      },
      "model": "item/fragment_californiagurlsremixeditkingsone"
    },
    {
      "predicate": {
        "custom_model_data": 1
      },
      "model": "item/fragment_rythmofthenightryantrickmnightcoreeditone"
    },
    {
      "predicate": {
        "custom_model_data": 4
      },
      "model": "item/fragment_fadedeightdaudioeightdtunesunknownartist"
    },
    {
      "predicate": {
        "custom_model_data": 5
      },
      "model": "item/fragment_pussymotherfuckerzdfenceremixendymion"
    }
  ]
}