{
  "parent": "item/generated",
  "textures": {
    "layer0": "item/music_disc_11"
  },
  "overrides": [
    {
      "predicate": {
        "custom_model_data": 2
      },
      "model": "item/music_disc_betteroffalonealicedeejayone"
    },
    {
      "predicate": {
        "custom_model_data": 3
      },
      "model": "item/music_disc_californiagurlsremixeditkingsone"
    },
    {
      "predicate": {
        "custom_model_data": 1
      },
      "model": "item/music_disc_rythmofthenightryantrickmnightcoreeditone"
    },
    {
      "predicate": {
        "custom_model_data": 4
      },
      "model": "item/music_disc_fadedeightdaudioeightdtunesunknownartist"
    },
    {
      "predicate": {
        "custom_model_data": 5
      },
      "model": "item/music_disc_pussymotherfuckerzdfenceremixendymion"
    }
  ]
}