{
  "betteroffalonealicedeejayone": {
    "sounds": [
      {
        "name": "records/betteroffalonealicedeejayone",
        "stream": true
      }
    ]
  },
  "californiagurlsremixeditkingsone": {
    "sounds": [
      {
        "name": "records/californiagurlsremixeditkingsone",
        "stream": true
      }
    ]
  },
  "rythmofthenightryantrickmnightcoreeditone": {
    "sounds": [
      {
        "name": "records/rythmofthenightryantrickmnightcoreeditone",
        "stream": true
      }
    ]
  },
  "fadedeightdaudioeightdtunesunknownartist": {
    "sounds": [
      {
        "name": "records/fadedeightdaudioeightdtunesunknownartist",
        "stream": true
      }
    ]
  },
  "pussymotherfuckerzdfenceremixendymion": {
    "sounds": [
      {
        "name": "records/pussymotherfuckerzdfenceremixendymion",
        "stream": true
      }
    ]
  }
}